[{"fields": {"model": "logentry", "app_label": "admin"}, "model": "contenttypes.contenttype", "pk": 1}, {"fields": {"model": "permission", "app_label": "auth"}, "model": "contenttypes.contenttype", "pk": 2}, {"fields": {"model": "group", "app_label": "auth"}, "model": "contenttypes.contenttype", "pk": 3}, {"fields": {"model": "user", "app_label": "auth"}, "model": "contenttypes.contenttype", "pk": 4}, {"fields": {"model": "contenttype", "app_label": "contenttypes"}, "model": "contenttypes.contenttype", "pk": 5}, {"fields": {"model": "session", "app_label": "sessions"}, "model": "contenttypes.contenttype", "pk": 6}, {"fields": {"model": "ingredient", "app_label": "website"}, "model": "contenttypes.contenttype", "pk": 7}, {"fields": {"model": "image", "app_label": "website"}, "model": "contenttypes.contenttype", "pk": 8}, {"fields": {"model": "difficulty", "app_label": "website"}, "model": "contenttypes.contenttype", "pk": 9}, {"fields": {"model": "cuisine", "app_label": "website"}, "model": "contenttypes.contenttype", "pk": 10}, {"fields": {"model": "category", "app_label": "website"}, "model": "contenttypes.contenttype", "pk": 11}, {"fields": {"model": "taste", "app_label": "website"}, "model": "contenttypes.contenttype", "pk": 12}, {"fields": {"model": "qtytype", "app_label": "website"}, "model": "contenttypes.contenttype", "pk": 13}, {"fields": {"model": "recipe", "app_label": "website"}, "model": "contenttypes.contenttype", "pk": 14}, {"fields": {"model": "recipieingredients", "app_label": "website"}, "model": "contenttypes.contenttype", "pk": 16}, {"fields": {"expire_date": "2015-09-20T03:30:34.777Z", "session_data": "ZDc4OGRlYmI2M2QwZDA2M2FiMWVmM2FhY2ZkNzkxMjhhMjAxNWQwMDp7Il9hdXRoX3VzZXJfaGFzaCI6IjFkOTgyYzBiN2QxYTEyNThkM2E3OTJmN2M2OWMyNTBkZmNjNzhmZjciLCJfYXV0aF91c2VyX2lkIjoiMSIsIl9hdXRoX3VzZXJfYmFja2VuZCI6ImRqYW5nby5jb250cmliLmF1dGguYmFja2VuZHMuTW9kZWxCYWNrZW5kIn0="}, "model": "sessions.session", "pk": "dtidbh63u3u9lu3gd9y5we6jhoalxi05"}, {"fields": {"name": "Granny smith apples"}, "model": "website.ingredient", "pk": 1}, {"fields": {"name": "Garlic cloves"}, "model": "website.ingredient", "pk": 2}, {"fields": {"name": "American-style baby pork ribs"}, "model": "website.ingredient", "pk": 3}, {"fields": {"name": "Brown sugar"}, "model": "website.ingredient", "pk": 4}, {"fields": {"name": "Butter (Melted)"}, "model": "website.ingredient", "pk": 5}, {"fields": {"name": "Caster sugar"}, "model": "website.ingredient", "pk": 6}, {"fields": {"name": "Cinnamon quill"}, "model": "website.ingredient", "pk": 7}, {"fields": {"name": "Egg yolks (Free-range)"}, "model": "website.ingredient", "pk": 8}, {"fields": {"name": "Fuji apples"}, "model": "website.ingredient", "pk": 9}, {"fields": {"name": "Olive oil"}, "model": "website.ingredient", "pk": 10}, {"fields": {"name": "Red onions"}, "model": "website.ingredient", "pk": 11}, {"fields": {"name": "Rosemary"}, "model": "website.ingredient", "pk": 12}, {"fields": {"name": "Spiced cr\u00e8me anglais"}, "model": "website.ingredient", "pk": 13}, {"fields": {"name": "Star anise"}, "model": "website.ingredient", "pk": 14}, {"fields": {"name": "Tomato ketchup"}, "model": "website.ingredient", "pk": 15}, {"fields": {"name": "Vincotto"}, "model": "website.ingredient", "pk": 16}, {"fields": {"name": "Chicken"}, "model": "website.ingredient", "pk": 17}, {"fields": {"name": "Cream"}, "model": "website.ingredient", "pk": 18}, {"fields": {"name": "Milk"}, "model": "website.ingredient", "pk": 19}, {"fields": {"name": "Kashmiri chilli powder"}, "model": "website.ingredient", "pk": 20}, {"fields": {"name": "Cumin (ground)"}, "model": "website.ingredient", "pk": 21}, {"fields": {"name": "White Vinegar"}, "model": "website.ingredient", "pk": 22}, {"fields": {"name": "Ginger (grated)"}, "model": "website.ingredient", "pk": 23}, {"fields": {"name": "Chicken thighs (bone in, skin removed)"}, "model": "website.ingredient", "pk": 24}, {"fields": {"name": "Vegetable oil"}, "model": "website.ingredient", "pk": 25}, {"fields": {"name": "Corn Flour"}, "model": "website.ingredient", "pk": 26}, {"fields": {"name": "Plain Flour"}, "model": "website.ingredient", "pk": 27}, {"fields": {"name": "Eggs (lightly beaten)"}, "model": "website.ingredient", "pk": 28}, {"fields": {"image_key": "http://www.sbs.com.au/food/sites/sbs.com.au.food/files/styles/full/public/chicken-65.jpg?itok=i9y3Ycmy&mtime=1418698582", "title": "Chicken 65"}, "model": "website.image", "pk": 1}, {"fields": {"image_key": "http://www.sbs.com.au/food/sites/sbs.com.au.food/files/styles/full/public/PT_20120522_20HourAppleCake_SLOW_0009-3.jpg?itok=grGCFISb&mtime=1375936509", "title": "Cake"}, "model": "website.image", "pk": 2}, {"fields": {"name": "Easy"}, "model": "website.difficulty", "pk": 1}, {"fields": {"name": "Medium"}, "model": "website.difficulty", "pk": 2}, {"fields": {"name": "Australian"}, "model": "website.cuisine", "pk": 1}, {"fields": {"name": "Indian"}, "model": "website.cuisine", "pk": 2}, {"fields": {"name": "Entr\u00e9e"}, "model": "website.category", "pk": 1}, {"fields": {"name": "Main"}, "model": "website.category", "pk": 2}, {"fields": {"name": "Dessert"}, "model": "website.category", "pk": 3}, {"fields": {"name": "Sweet"}, "model": "website.taste", "pk": 1}, {"fields": {"name": "Savoury"}, "model": "website.taste", "pk": 2}, {"fields": {"name": "Spicy"}, "model": "website.taste", "pk": 3}, {"fields": {"name": "Regular"}, "model": "website.taste", "pk": 4}, {"fields": {"name": "Each"}, "model": "website.qtytype", "pk": 1}, {"fields": {"name": "Cup"}, "model": "website.qtytype", "pk": 2}, {"fields": {"name": "Tbsp"}, "model": "website.qtytype", "pk": 3}, {"fields": {"name": "ml"}, "model": "website.qtytype", "pk": 4}, {"fields": {"name": "Grams"}, "model": "website.qtytype", "pk": 5}, {"fields": {"name": "Qty"}, "model": "website.qtytype", "pk": 6}, {"fields": {"name": "tsp"}, "model": "website.qtytype", "pk": 7}, {"fields": {"category": 2, "cuisine": 2, "name": "Chicken 65", "source": "SBS", "taste": 3, "cooking": 35, "serves": 4, "preparation": 20, "difficulty": 1, "featured_image": 1, "method": "<p>Combine 1 tablespoon of chilli powder, ground cumin, vinegar, garlic, ginger and chicken in a bowl. Cover with plastic wrap and refrigerate for 1 hour to marinate.</p>\r\n\r\n<p>Fill a large saucepan or deep-fryer one-third with oil and heat over medium heat to 170\u00baC (or until a cube of bread turns golden in 15 seconds). Place cornflour, plain flour and remaining 2 teaspoons of chilli powder in a bowl, season with salt and pepper and mix to combine. Place beaten eggs in a separate shallow bowl. Dip chicken in egg then dust in flour mixture, shaking off excess. Working in batches, place chicken in oil and cook, turning halfway, for 12 minutes or until golden brown. Remove with a slotted spoon and drain on paper towel.</p>\r\n\r\n<p>To make yoghurt coating, heat oil in a large frying pan over medium heat, add garlic, ginger, chillies and curry leaves and cook, stirring, for 1 minute or until softened. Add chicken to pan and stir to coat. Add yoghurt, chilli powder, cumin, coriander, \u00bd teaspoon of pepper and sugar, and cook for 6 minutes or until most of the yoghurt is absorbed. Season with salt and serve with coriander leaves, fried curry leaves, chopped green chilli and lime wedges.</p>\r\n\r\n<p> \r\nNote\r\n<ul>\r\n<li>Kashmiri chilli powder is from Indian food shops and specialty spice shops. Substitute regular chilli powder.</li>\r\n<li>Curry leaves are available from select greengrocers and Asian food shops.</li>\r\n</ul>\r\n</p>", "description": "Originating in Chennai, southern India, this spicy snack is now a mainstay on menus all over the country. There are countless theories that surround the number 65 in its name \u2013 some say that\u2019s how many days the chicken should be reared for, others argue it represents the original number of the dish on the menu, and there\u2019s even a claim it refers to the amount of chillies that should be added. The most widely accepted version is that it originated from Chennai\u2019s Buhari restaurant in 1965. Semantics (and all else) will fade to a distant memory at just one bite of this deep-fried favourite."}, "model": "website.recipe", "pk": 1}, {"fields": {"category": 3, "cuisine": 1, "name": "20-hour apple cake with spiced cr\u00e8me anglaise", "source": "SBS", "taste": 1, "cooking": 600, "serves": 8, "preparation": 20, "difficulty": 2, "featured_image": 2, "method": "     <p><strong>Chilling time</strong> 10 hours</p>\r\n<p>Spiced cr\u00e8me anglaise makes 2\u00bd cups</p>\r\n \r\n\r\n  </div>\r\n  <div class=\"field field-name-field-cooking-instructions field-type-text-long field-label-hidden\" itemprop=\"recipeInstructions\">\r\n     <p>Preheat oven to 110\u00b0C (175\u00b0F). Grease and line a 20 cm (8 inch) cake pan.</p>\r\n<p>Working with 1 apple at a time, peel and core the apples. Using a mandolin slice the apple on the thinnest setting.</p>\r\n<p>Fan the apple slices over the base of the pan. When the base is completely covered with apple lightly brush with the melted butter and sprinkle over a little of the sugar. Repeat with remaining apples (alternating the types of apples), butter and sugar until all is used.</p>\r\n<p>Cover with baking paper and then foil, seal tightly. Using a small knife puncture the foil and baking paper about 20 times. Place a smaller cake pan on top of the foil and fill with baking weights or dried beans. Take care not to cover all of the holes you just have punctured.</p>\r\n<p>Place on a tray and bake for 10 hours. Remove from the oven and place onto a cooling rack, remove the pan with the pie weights and allow to cool to room temperature. Do not remove the baking paper and foil.</p>\r\n<p>Once cool place the pan with the weights back onto the apples and rest in the refrigerator for a further 10 hours. Remove from the refrigerator, uncover and gently run a small paring knife around the edge of the tin. Turn the apples onto a serving platter and cut into wedges, serve with spiced cr\u00e8me anglaise.</p>\r\n<p>To make the spiced cr\u00e8me anglaise, place the cream, milk and spices in a saucepan, bring to a slow boil over a medium heat, remove from the heat and allow the spices to infuse into the milk for a couple of minutes.</p>\r\n<p>Combine the egg yolks and sugar in a bowl and whisk until light and fluffy. Gradually whisk approximately \u00bd of the spiced milk into the egg mixture. Return the egg and milk mixture to the remaining milk in the saucepan and whisk well.</p>\r\n<p>Place over a low heat and stir the custard until it has thickened and coats the back of a spoon. Do not allow to boil or it will curdle.</p>\r\n<p>Once thickened cover the surface of the custard with plastic wrap to prevent a skin from forming and keep warm.</p>\r\n<p> </p>\r\n<p><strong>the food dept. fact</strong><br />\u2022 These apples make a delicious tart or pie filling or simply can be served over vanilla ice-cream. You could also make in individual ramekins of the apple, cut back the cooking time to 2\u20133 hours.</p>", "description": "10 hours in the oven and 10 hours resting definitely seems like an eternity but when the apple cake is baking all you have to do is relax and wait or maybe make some spiced cr\u00e8me anglaise to have with them. It\u2019s definitely worth the wait!"}, "model": "website.recipe", "pk": 2}, {"fields": {"volume": 1.5, "qty_type": 3, "recipe": 1, "ingredient": 20}, "model": "website.recipieingredients", "pk": 1}, {"fields": {"volume": 0.25, "qty_type": 7, "recipe": 1, "ingredient": 21}, "model": "website.recipieingredients", "pk": 2}, {"fields": {"volume": 0.25, "qty_type": 2, "recipe": 1, "ingredient": 22}, "model": "website.recipieingredients", "pk": 3}, {"fields": {"volume": 2.0, "qty_type": 1, "recipe": 1, "ingredient": 2}, "model": "website.recipieingredients", "pk": 4}, {"fields": {"volume": 25.0, "qty_type": 5, "recipe": 1, "ingredient": 23}, "model": "website.recipieingredients", "pk": 5}, {"fields": {"volume": 8.0, "qty_type": 1, "recipe": 1, "ingredient": 24}, "model": "website.recipieingredients", "pk": 6}, {"fields": {"volume": 1.0, "qty_type": 6, "recipe": 1, "ingredient": 25}, "model": "website.recipieingredients", "pk": 7}, {"fields": {"volume": 0.5, "qty_type": 2, "recipe": 1, "ingredient": 26}, "model": "website.recipieingredients", "pk": 8}, {"fields": {"volume": 0.25, "qty_type": 2, "recipe": 1, "ingredient": 27}, "model": "website.recipieingredients", "pk": 9}, {"fields": {"volume": 6.0, "qty_type": 1, "recipe": 2, "ingredient": 1}, "model": "website.recipieingredients", "pk": 10}, {"fields": {"volume": 6.0, "qty_type": 1, "recipe": 2, "ingredient": 9}, "model": "website.recipieingredients", "pk": 11}, {"fields": {"volume": 0.25, "qty_type": 2, "recipe": 2, "ingredient": 6}, "model": "website.recipieingredients", "pk": 12}, {"fields": {"volume": 40.0, "qty_type": 5, "recipe": 2, "ingredient": 5}, "model": "website.recipieingredients", "pk": 13}, {"fields": {"volume": 1.0, "qty_type": 6, "recipe": 2, "ingredient": 13}, "model": "website.recipieingredients", "pk": 14}, {"fields": {"volume": 300.0, "qty_type": 4, "recipe": 2, "ingredient": 18}, "model": "website.recipieingredients", "pk": 15}, {"fields": {"volume": 300.0, "qty_type": 4, "recipe": 2, "ingredient": 19}, "model": "website.recipieingredients", "pk": 16}, {"fields": {"volume": 1.0, "qty_type": 1, "recipe": 2, "ingredient": 14}, "model": "website.recipieingredients", "pk": 17}, {"fields": {"volume": 1.0, "qty_type": 1, "recipe": 2, "ingredient": 7}, "model": "website.recipieingredients", "pk": 18}, {"fields": {"volume": 4.0, "qty_type": 1, "recipe": 2, "ingredient": 8}, "model": "website.recipieingredients", "pk": 19}, {"fields": {"volume": 0.25, "qty_type": 2, "recipe": 2, "ingredient": 6}, "model": "website.recipieingredients", "pk": 20}, {"fields": {"volume": 2.0, "qty_type": 1, "recipe": 1, "ingredient": 28}, "model": "website.recipieingredients", "pk": 21}, {"fields": {"codename": "add_logentry", "name": "Can add log entry", "content_type": 1}, "model": "auth.permission", "pk": 1}, {"fields": {"codename": "change_logentry", "name": "Can change log entry", "content_type": 1}, "model": "auth.permission", "pk": 2}, {"fields": {"codename": "delete_logentry", "name": "Can delete log entry", "content_type": 1}, "model": "auth.permission", "pk": 3}, {"fields": {"codename": "add_permission", "name": "Can add permission", "content_type": 2}, "model": "auth.permission", "pk": 4}, {"fields": {"codename": "change_permission", "name": "Can change permission", "content_type": 2}, "model": "auth.permission", "pk": 5}, {"fields": {"codename": "delete_permission", "name": "Can delete permission", "content_type": 2}, "model": "auth.permission", "pk": 6}, {"fields": {"codename": "add_group", "name": "Can add group", "content_type": 3}, "model": "auth.permission", "pk": 7}, {"fields": {"codename": "change_group", "name": "Can change group", "content_type": 3}, "model": "auth.permission", "pk": 8}, {"fields": {"codename": "delete_group", "name": "Can delete group", "content_type": 3}, "model": "auth.permission", "pk": 9}, {"fields": {"codename": "add_user", "name": "Can add user", "content_type": 4}, "model": "auth.permission", "pk": 10}, {"fields": {"codename": "change_user", "name": "Can change user", "content_type": 4}, "model": "auth.permission", "pk": 11}, {"fields": {"codename": "delete_user", "name": "Can delete user", "content_type": 4}, "model": "auth.permission", "pk": 12}, {"fields": {"codename": "add_contenttype", "name": "Can add content type", "content_type": 5}, "model": "auth.permission", "pk": 13}, {"fields": {"codename": "change_contenttype", "name": "Can change content type", "content_type": 5}, "model": "auth.permission", "pk": 14}, {"fields": {"codename": "delete_contenttype", "name": "Can delete content type", "content_type": 5}, "model": "auth.permission", "pk": 15}, {"fields": {"codename": "add_session", "name": "Can add session", "content_type": 6}, "model": "auth.permission", "pk": 16}, {"fields": {"codename": "change_session", "name": "Can change session", "content_type": 6}, "model": "auth.permission", "pk": 17}, {"fields": {"codename": "delete_session", "name": "Can delete session", "content_type": 6}, "model": "auth.permission", "pk": 18}, {"fields": {"codename": "add_ingredient", "name": "Can add ingredient", "content_type": 7}, "model": "auth.permission", "pk": 19}, {"fields": {"codename": "change_ingredient", "name": "Can change ingredient", "content_type": 7}, "model": "auth.permission", "pk": 20}, {"fields": {"codename": "delete_ingredient", "name": "Can delete ingredient", "content_type": 7}, "model": "auth.permission", "pk": 21}, {"fields": {"codename": "add_image", "name": "Can add image", "content_type": 8}, "model": "auth.permission", "pk": 22}, {"fields": {"codename": "change_image", "name": "Can change image", "content_type": 8}, "model": "auth.permission", "pk": 23}, {"fields": {"codename": "delete_image", "name": "Can delete image", "content_type": 8}, "model": "auth.permission", "pk": 24}, {"fields": {"codename": "add_difficulty", "name": "Can add difficulty", "content_type": 9}, "model": "auth.permission", "pk": 25}, {"fields": {"codename": "change_difficulty", "name": "Can change difficulty", "content_type": 9}, "model": "auth.permission", "pk": 26}, {"fields": {"codename": "delete_difficulty", "name": "Can delete difficulty", "content_type": 9}, "model": "auth.permission", "pk": 27}, {"fields": {"codename": "add_cuisine", "name": "Can add cuisine", "content_type": 10}, "model": "auth.permission", "pk": 28}, {"fields": {"codename": "change_cuisine", "name": "Can change cuisine", "content_type": 10}, "model": "auth.permission", "pk": 29}, {"fields": {"codename": "delete_cuisine", "name": "Can delete cuisine", "content_type": 10}, "model": "auth.permission", "pk": 30}, {"fields": {"codename": "add_category", "name": "Can add category", "content_type": 11}, "model": "auth.permission", "pk": 31}, {"fields": {"codename": "change_category", "name": "Can change category", "content_type": 11}, "model": "auth.permission", "pk": 32}, {"fields": {"codename": "delete_category", "name": "Can delete category", "content_type": 11}, "model": "auth.permission", "pk": 33}, {"fields": {"codename": "add_taste", "name": "Can add taste", "content_type": 12}, "model": "auth.permission", "pk": 34}, {"fields": {"codename": "change_taste", "name": "Can change taste", "content_type": 12}, "model": "auth.permission", "pk": 35}, {"fields": {"codename": "delete_taste", "name": "Can delete taste", "content_type": 12}, "model": "auth.permission", "pk": 36}, {"fields": {"codename": "add_qtytype", "name": "Can add qty type", "content_type": 13}, "model": "auth.permission", "pk": 37}, {"fields": {"codename": "change_qtytype", "name": "Can change qty type", "content_type": 13}, "model": "auth.permission", "pk": 38}, {"fields": {"codename": "delete_qtytype", "name": "Can delete qty type", "content_type": 13}, "model": "auth.permission", "pk": 39}, {"fields": {"codename": "add_recipe", "name": "Can add recipe", "content_type": 14}, "model": "auth.permission", "pk": 40}, {"fields": {"codename": "change_recipe", "name": "Can change recipe", "content_type": 14}, "model": "auth.permission", "pk": 41}, {"fields": {"codename": "delete_recipe", "name": "Can delete recipe", "content_type": 14}, "model": "auth.permission", "pk": 42}, {"fields": {"codename": "add_recipieingredients", "name": "Can add recipie ingredients", "content_type": 16}, "model": "auth.permission", "pk": 46}, {"fields": {"codename": "change_recipieingredients", "name": "Can change recipie ingredients", "content_type": 16}, "model": "auth.permission", "pk": 47}, {"fields": {"codename": "delete_recipieingredients", "name": "Can delete recipie ingredients", "content_type": 16}, "model": "auth.permission", "pk": 48}, {"fields": {"username": "admin", "first_name": "", "last_name": "", "is_active": true, "is_superuser": true, "is_staff": true, "last_login": "2015-09-05T04:18:34.083Z", "groups": [], "user_permissions": [], "password": "pbkdf2_sha256$20000$dnCOzcwcXq3t$qkF6lF8JsZl+Cu+kEFsTXT5rTu7eQNj8rNVmXN1Pw4w=", "email": "admin@admin.notreal", "date_joined": "2015-09-05T04:18:09.679Z"}, "model": "auth.user", "pk": 1}, {"fields": {"action_flag": 1, "action_time": "2015-09-05T04:18:45.855Z", "object_repr": "Test", "object_id": "1", "change_message": "", "user": 1, "content_type": 11}, "model": "admin.logentry", "pk": 1}, {"fields": {"action_flag": 1, "action_time": "2015-09-05T04:18:51.700Z", "object_repr": "Test2", "object_id": "2", "change_message": "", "user": 1, "content_type": 11}, "model": "admin.logentry", "pk": 2}, {"fields": {"action_flag": 1, "action_time": "2015-09-05T04:19:01.210Z", "object_repr": "Australian", "object_id": "1", "change_message": "", "user": 1, "content_type": 10}, "model": "admin.logentry", "pk": 3}, {"fields": {"action_flag": 1, "action_time": "2015-09-05T04:19:05.472Z", "object_repr": "Indian", "object_id": "2", "change_message": "", "user": 1, "content_type": 10}, "model": "admin.logentry", "pk": 4}, {"fields": {"action_flag": 1, "action_time": "2015-09-05T04:19:11.793Z", "object_repr": "Easy", "object_id": "1", "change_message": "", "user": 1, "content_type": 9}, "model": "admin.logentry", "pk": 5}, {"fields": {"action_flag": 1, "action_time": "2015-09-05T04:19:16.531Z", "object_repr": "Medium", "object_id": "2", "change_message": "", "user": 1, "content_type": 9}, "model": "admin.logentry", "pk": 6}, {"fields": {"action_flag": 1, "action_time": "2015-09-05T04:20:24.239Z", "object_repr": "Granny smith apples", "object_id": "1", "change_message": "", "user": 1, "content_type": 7}, "model": "admin.logentry", "pk": 7}, {"fields": {"action_flag": 1, "action_time": "2015-09-05T04:20:28.562Z", "object_repr": "Garlic cloves", "object_id": "2", "change_message": "", "user": 1, "content_type": 7}, "model": "admin.logentry", "pk": 8}, {"fields": {"action_flag": 1, "action_time": "2015-09-05T04:20:31.908Z", "object_repr": "American-style baby pork ribs", "object_id": "3", "change_message": "", "user": 1, "content_type": 7}, "model": "admin.logentry", "pk": 9}, {"fields": {"action_flag": 1, "action_time": "2015-09-05T04:20:35.599Z", "object_repr": "Brown sugar", "object_id": "4", "change_message": "", "user": 1, "content_type": 7}, "model": "admin.logentry", "pk": 10}, {"fields": {"action_flag": 1, "action_time": "2015-09-05T04:20:39.018Z", "object_repr": "Butter (Melted)", "object_id": "5", "change_message": "", "user": 1, "content_type": 7}, "model": "admin.logentry", "pk": 11}, {"fields": {"action_flag": 1, "action_time": "2015-09-05T04:20:41.970Z", "object_repr": "Caster sugar", "object_id": "6", "change_message": "", "user": 1, "content_type": 7}, "model": "admin.logentry", "pk": 12}, {"fields": {"action_flag": 1, "action_time": "2015-09-05T04:20:49.094Z", "object_repr": "Cinnamon quill", "object_id": "7", "change_message": "", "user": 1, "content_type": 7}, "model": "admin.logentry", "pk": 13}, {"fields": {"action_flag": 1, "action_time": "2015-09-05T04:20:55.953Z", "object_repr": "Egg yolks (Free-range)", "object_id": "8", "change_message": "", "user": 1, "content_type": 7}, "model": "admin.logentry", "pk": 14}, {"fields": {"action_flag": 1, "action_time": "2015-09-05T04:21:01.008Z", "object_repr": "Fuji apples", "object_id": "9", "change_message": "", "user": 1, "content_type": 7}, "model": "admin.logentry", "pk": 15}, {"fields": {"action_flag": 1, "action_time": "2015-09-05T04:21:13.533Z", "object_repr": "Olive oil", "object_id": "10", "change_message": "", "user": 1, "content_type": 7}, "model": "admin.logentry", "pk": 16}, {"fields": {"action_flag": 1, "action_time": "2015-09-05T04:21:24.610Z", "object_repr": "Red onions", "object_id": "11", "change_message": "", "user": 1, "content_type": 7}, "model": "admin.logentry", "pk": 17}, {"fields": {"action_flag": 1, "action_time": "2015-09-05T04:21:28.816Z", "object_repr": "Rosemary", "object_id": "12", "change_message": "", "user": 1, "content_type": 7}, "model": "admin.logentry", "pk": 18}, {"fields": {"action_flag": 1, "action_time": "2015-09-05T04:21:37.914Z", "object_repr": "Spiced cr\u00e8me anglais", "object_id": "13", "change_message": "", "user": 1, "content_type": 7}, "model": "admin.logentry", "pk": 19}, {"fields": {"action_flag": 1, "action_time": "2015-09-05T04:21:40.760Z", "object_repr": "Star anise", "object_id": "14", "change_message": "", "user": 1, "content_type": 7}, "model": "admin.logentry", "pk": 20}, {"fields": {"action_flag": 1, "action_time": "2015-09-05T04:21:45.584Z", "object_repr": "Tomato ketchup", "object_id": "15", "change_message": "", "user": 1, "content_type": 7}, "model": "admin.logentry", "pk": 21}, {"fields": {"action_flag": 1, "action_time": "2015-09-05T04:21:50.488Z", "object_repr": "Vincotto", "object_id": "16", "change_message": "", "user": 1, "content_type": 7}, "model": "admin.logentry", "pk": 22}, {"fields": {"action_flag": 1, "action_time": "2015-09-05T04:23:07.761Z", "object_repr": "Each", "object_id": "1", "change_message": "", "user": 1, "content_type": 13}, "model": "admin.logentry", "pk": 23}, {"fields": {"action_flag": 1, "action_time": "2015-09-05T04:23:10.578Z", "object_repr": "Cup", "object_id": "2", "change_message": "", "user": 1, "content_type": 13}, "model": "admin.logentry", "pk": 24}, {"fields": {"action_flag": 1, "action_time": "2015-09-05T04:23:15.314Z", "object_repr": "Tbsp", "object_id": "3", "change_message": "", "user": 1, "content_type": 13}, "model": "admin.logentry", "pk": 25}, {"fields": {"action_flag": 1, "action_time": "2015-09-05T04:23:27.045Z", "object_repr": "ml", "object_id": "4", "change_message": "", "user": 1, "content_type": 13}, "model": "admin.logentry", "pk": 26}, {"fields": {"action_flag": 1, "action_time": "2015-09-05T04:23:41.699Z", "object_repr": "Sweet", "object_id": "1", "change_message": "", "user": 1, "content_type": 12}, "model": "admin.logentry", "pk": 27}, {"fields": {"action_flag": 1, "action_time": "2015-09-05T04:23:46.579Z", "object_repr": "Savoury", "object_id": "2", "change_message": "", "user": 1, "content_type": 12}, "model": "admin.logentry", "pk": 28}, {"fields": {"action_flag": 1, "action_time": "2015-09-05T04:23:50.851Z", "object_repr": "Spicy", "object_id": "3", "change_message": "", "user": 1, "content_type": 12}, "model": "admin.logentry", "pk": 29}, {"fields": {"action_flag": 1, "action_time": "2015-09-05T04:23:55.987Z", "object_repr": "Regular", "object_id": "4", "change_message": "", "user": 1, "content_type": 12}, "model": "admin.logentry", "pk": 30}, {"fields": {"action_flag": 2, "action_time": "2015-09-05T04:25:17.058Z", "object_repr": "Dessert", "object_id": "1", "change_message": "Changed name.", "user": 1, "content_type": 11}, "model": "admin.logentry", "pk": 31}, {"fields": {"action_flag": 1, "action_time": "2015-09-05T04:29:11.471Z", "object_repr": "Test", "object_id": "1", "change_message": "", "user": 1, "content_type": 8}, "model": "admin.logentry", "pk": 32}, {"fields": {"action_flag": 1, "action_time": "2015-09-05T04:29:17.660Z", "object_repr": "20 hour apple cake with spiced creme anglaise", "object_id": "1", "change_message": "", "user": 1, "content_type": 14}, "model": "admin.logentry", "pk": 33}, {"fields": {"action_flag": 1, "action_time": "2015-09-05T04:54:28.159Z", "object_repr": "Grams", "object_id": "5", "change_message": "", "user": 1, "content_type": 13}, "model": "admin.logentry", "pk": 34}, {"fields": {"action_flag": 1, "action_time": "2015-09-05T04:56:25.725Z", "object_repr": "Qty", "object_id": "6", "change_message": "", "user": 1, "content_type": 13}, "model": "admin.logentry", "pk": 35}, {"fields": {"action_flag": 2, "action_time": "2015-09-05T05:00:25.461Z", "object_repr": "20 hour apple cake with spiced creme anglaise", "object_id": "1", "change_message": "Added recipie ingredients \"20 hour apple cake with spiced creme anglaise_Granny smith apples\". Added recipie ingredients \"20 hour apple cake with spiced creme anglaise_Fuji apples\". Added recipie ingredients \"20 hour apple cake with spiced creme anglaise_Caster sugar\". Added recipie ingredients \"20 hour apple cake with spiced creme anglaise_Butter (Melted)\". Added recipie ingredients \"20 hour apple cake with spiced creme anglaise_Spiced cr\u00e8me anglais\". Added recipie ingredients \"20 hour apple cake with spiced creme anglaise_Star anise\". Added recipie ingredients \"20 hour apple cake with spiced creme anglaise_Cinnamon quill\". Added recipie ingredients \"20 hour apple cake with spiced creme anglaise_Egg yolks (Free-range)\". Added recipie ingredients \"20 hour apple cake with spiced creme anglaise_Caster sugar\".", "user": 1, "content_type": 14}, "model": "admin.logentry", "pk": 36}, {"fields": {"action_flag": 1, "action_time": "2015-09-05T06:42:56.403Z", "object_repr": "asdsadasd", "object_id": "2", "change_message": "", "user": 1, "content_type": 14}, "model": "admin.logentry", "pk": 37}, {"fields": {"action_flag": 2, "action_time": "2015-09-05T08:19:23.846Z", "object_repr": "20 hour apple cake with spiced creme anglaise", "object_id": "1", "change_message": "Changed method.", "user": 1, "content_type": 14}, "model": "admin.logentry", "pk": 38}, {"fields": {"action_flag": 2, "action_time": "2015-09-05T08:33:51.722Z", "object_repr": "Test", "object_id": "1", "change_message": "Changed image_key.", "user": 1, "content_type": 8}, "model": "admin.logentry", "pk": 39}, {"fields": {"action_flag": 2, "action_time": "2015-09-05T08:35:49.527Z", "object_repr": "20 hour apple cake with spiced creme anglaise", "object_id": "1", "change_message": "No fields changed.", "user": 1, "content_type": 14}, "model": "admin.logentry", "pk": 40}, {"fields": {"action_flag": 2, "action_time": "2015-09-05T08:36:31.077Z", "object_repr": "Cake", "object_id": "1", "change_message": "Changed image_key and title.", "user": 1, "content_type": 8}, "model": "admin.logentry", "pk": 41}, {"fields": {"action_flag": 2, "action_time": "2015-09-05T08:36:35.020Z", "object_repr": "20 hour apple cake with spiced creme anglaise", "object_id": "1", "change_message": "No fields changed.", "user": 1, "content_type": 14}, "model": "admin.logentry", "pk": 42}, {"fields": {"action_flag": 2, "action_time": "2015-09-05T13:11:13.214Z", "object_repr": "Entr\u00e9e", "object_id": "1", "change_message": "Changed name.", "user": 1, "content_type": 11}, "model": "admin.logentry", "pk": 43}, {"fields": {"action_flag": 2, "action_time": "2015-09-05T13:11:22.025Z", "object_repr": "Main", "object_id": "2", "change_message": "Changed name.", "user": 1, "content_type": 11}, "model": "admin.logentry", "pk": 44}, {"fields": {"action_flag": 1, "action_time": "2015-09-05T13:11:27.501Z", "object_repr": "Dessert", "object_id": "3", "change_message": "", "user": 1, "content_type": 11}, "model": "admin.logentry", "pk": 45}, {"fields": {"action_flag": 2, "action_time": "2015-09-05T13:11:43.763Z", "object_repr": "Chicken 65", "object_id": "1", "change_message": "Changed image_key and title.", "user": 1, "content_type": 8}, "model": "admin.logentry", "pk": 46}, {"fields": {"action_flag": 2, "action_time": "2015-09-05T13:14:08.083Z", "object_repr": "Chicken 65", "object_id": "1", "change_message": "Changed name, cuisine, category, method and taste.", "user": 1, "content_type": 14}, "model": "admin.logentry", "pk": 47}, {"fields": {"action_flag": 2, "action_time": "2015-09-05T13:38:27.790Z", "object_repr": "Chicken 65", "object_id": "1", "change_message": "Changed description, difficulty, preparation and cooking.", "user": 1, "content_type": 14}, "model": "admin.logentry", "pk": 48}, {"fields": {"action_flag": 2, "action_time": "2015-09-05T13:39:32.409Z", "object_repr": "Chicken 65", "object_id": "1", "change_message": "Changed serves.", "user": 1, "content_type": 14}, "model": "admin.logentry", "pk": 49}, {"fields": {"action_flag": 1, "action_time": "2015-09-06T05:03:02.355Z", "object_repr": "Chicken", "object_id": "17", "change_message": "", "user": 1, "content_type": 7}, "model": "admin.logentry", "pk": 50}, {"fields": {"action_flag": 1, "action_time": "2015-09-06T05:05:34.731Z", "object_repr": "Cake", "object_id": "2", "change_message": "", "user": 1, "content_type": 8}, "model": "admin.logentry", "pk": 51}, {"fields": {"action_flag": 1, "action_time": "2015-09-06T05:08:30.047Z", "object_repr": "Cream", "object_id": "18", "change_message": "", "user": 1, "content_type": 7}, "model": "admin.logentry", "pk": 52}, {"fields": {"action_flag": 1, "action_time": "2015-09-06T05:08:55.413Z", "object_repr": "Milk", "object_id": "19", "change_message": "", "user": 1, "content_type": 7}, "model": "admin.logentry", "pk": 53}, {"fields": {"action_flag": 2, "action_time": "2015-09-06T05:10:05.269Z", "object_repr": "20-hour apple cake with spiced cr\u00e8me anglaise", "object_id": "2", "change_message": "Changed name, description, difficulty, serves, preparation, cooking, category, featured_image, method and source. Added recipie ingredients \"40.0 Grams Butter (Melted)\". Added recipie ingredients \"1.0 Qty Spiced cr\u00e8me anglais\". Added recipie ingredients \"300.0 ml Cream\". Added recipie ingredients \"300.0 ml Milk\". Added recipie ingredients \"1.0 Each Star anise\". Added recipie ingredients \"1.0 Each Cinnamon quill\". Added recipie ingredients \"4.0 Each Egg yolks (Free-range)\". Added recipie ingredients \"0.25 Cup Caster sugar\". Changed volume for recipie ingredients \"6.0 Each Granny smith apples\". Changed ingredient and volume for recipie ingredients \"6.0 Each Fuji apples\". Changed ingredient, qty_type and volume for recipie ingredients \"0.25 Cup Caster sugar\".", "user": 1, "content_type": 14}, "model": "admin.logentry", "pk": 54}, {"fields": {"action_flag": 1, "action_time": "2015-09-06T05:11:09.577Z", "object_repr": "Kashmiri chilli powder", "object_id": "20", "change_message": "", "user": 1, "content_type": 7}, "model": "admin.logentry", "pk": 55}, {"fields": {"action_flag": 1, "action_time": "2015-09-06T05:11:45.238Z", "object_repr": "ground cumin", "object_id": "21", "change_message": "", "user": 1, "content_type": 7}, "model": "admin.logentry", "pk": 56}, {"fields": {"action_flag": 2, "action_time": "2015-09-06T05:11:57.870Z", "object_repr": "Cumin (ground)", "object_id": "21", "change_message": "Changed name.", "user": 1, "content_type": 7}, "model": "admin.logentry", "pk": 57}, {"fields": {"action_flag": 1, "action_time": "2015-09-06T05:12:05.487Z", "object_repr": "tsp", "object_id": "7", "change_message": "", "user": 1, "content_type": 13}, "model": "admin.logentry", "pk": 58}, {"fields": {"action_flag": 1, "action_time": "2015-09-06T05:12:24.251Z", "object_repr": "White Vinegar", "object_id": "22", "change_message": "", "user": 1, "content_type": 7}, "model": "admin.logentry", "pk": 59}, {"fields": {"action_flag": 1, "action_time": "2015-09-06T05:13:10.879Z", "object_repr": "Ginger (grated)", "object_id": "23", "change_message": "", "user": 1, "content_type": 7}, "model": "admin.logentry", "pk": 60}, {"fields": {"action_flag": 1, "action_time": "2015-09-06T05:13:59.104Z", "object_repr": "Chicken thighs (bone in, skin removed)", "object_id": "24", "change_message": "", "user": 1, "content_type": 7}, "model": "admin.logentry", "pk": 61}, {"fields": {"action_flag": 1, "action_time": "2015-09-06T05:14:22.894Z", "object_repr": "Vegetable oil", "object_id": "25", "change_message": "", "user": 1, "content_type": 7}, "model": "admin.logentry", "pk": 62}, {"fields": {"action_flag": 1, "action_time": "2015-09-06T05:14:45.104Z", "object_repr": "Corn Flour", "object_id": "26", "change_message": "", "user": 1, "content_type": 7}, "model": "admin.logentry", "pk": 63}, {"fields": {"action_flag": 1, "action_time": "2015-09-06T05:15:02.171Z", "object_repr": "Plain Flour", "object_id": "27", "change_message": "", "user": 1, "content_type": 7}, "model": "admin.logentry", "pk": 64}, {"fields": {"action_flag": 1, "action_time": "2015-09-06T05:15:36.037Z", "object_repr": "Eggs (lightly beaten)", "object_id": "28", "change_message": "", "user": 1, "content_type": 7}, "model": "admin.logentry", "pk": 65}, {"fields": {"action_flag": 2, "action_time": "2015-09-06T05:16:02.454Z", "object_repr": "Chicken 65", "object_id": "1", "change_message": "Added recipie ingredients \"2.0 Each Eggs (lightly beaten)\". Changed ingredient, qty_type and volume for recipie ingredients \"1.5 Tbsp Kashmiri chilli powder\". Changed ingredient, qty_type and volume for recipie ingredients \"0.25 tsp Cumin (ground)\". Changed ingredient for recipie ingredients \"0.25 Cup White Vinegar\". Changed ingredient, qty_type and volume for recipie ingredients \"2.0 Each Garlic cloves\". Changed ingredient, qty_type and volume for recipie ingredients \"25.0 Grams Ginger (grated)\". Changed ingredient and volume for recipie ingredients \"8.0 Each Chicken thighs (bone in, skin removed)\". Changed ingredient and qty_type for recipie ingredients \"1.0 Qty Vegetable oil\". Changed ingredient, qty_type and volume for recipie ingredients \"0.5 Cup Corn Flour\". Changed ingredient and volume for recipie ingredients \"0.25 Cup Plain Flour\".", "user": 1, "content_type": 14}, "model": "admin.logentry", "pk": 66}]