[{"fields": {"model": "logentry", "app_label": "admin"}, "model": "contenttypes.contenttype", "pk": 1}, {"fields": {"model": "permission", "app_label": "auth"}, "model": "contenttypes.contenttype", "pk": 2}, {"fields": {"model": "group", "app_label": "auth"}, "model": "contenttypes.contenttype", "pk": 3}, {"fields": {"model": "user", "app_label": "auth"}, "model": "contenttypes.contenttype", "pk": 4}, {"fields": {"model": "contenttype", "app_label": "contenttypes"}, "model": "contenttypes.contenttype", "pk": 5}, {"fields": {"model": "session", "app_label": "sessions"}, "model": "contenttypes.contenttype", "pk": 6}, {"fields": {"model": "ingredient", "app_label": "website"}, "model": "contenttypes.contenttype", "pk": 7}, {"fields": {"model": "image", "app_label": "website"}, "model": "contenttypes.contenttype", "pk": 8}, {"fields": {"model": "difficulty", "app_label": "website"}, "model": "contenttypes.contenttype", "pk": 9}, {"fields": {"model": "cuisine", "app_label": "website"}, "model": "contenttypes.contenttype", "pk": 10}, {"fields": {"model": "category", "app_label": "website"}, "model": "contenttypes.contenttype", "pk": 11}, {"fields": {"model": "taste", "app_label": "website"}, "model": "contenttypes.contenttype", "pk": 12}, {"fields": {"model": "qtytype", "app_label": "website"}, "model": "contenttypes.contenttype", "pk": 13}, {"fields": {"model": "recipe", "app_label": "website"}, "model": "contenttypes.contenttype", "pk": 14}, {"fields": {"model": "recipieingredients", "app_label": "website"}, "model": "contenttypes.contenttype", "pk": 16}, {"fields": {"expire_date": "2015-09-20T03:30:34.777Z", "session_data": "ZDc4OGRlYmI2M2QwZDA2M2FiMWVmM2FhY2ZkNzkxMjhhMjAxNWQwMDp7Il9hdXRoX3VzZXJfaGFzaCI6IjFkOTgyYzBiN2QxYTEyNThkM2E3OTJmN2M2OWMyNTBkZmNjNzhmZjciLCJfYXV0aF91c2VyX2lkIjoiMSIsIl9hdXRoX3VzZXJfYmFja2VuZCI6ImRqYW5nby5jb250cmliLmF1dGguYmFja2VuZHMuTW9kZWxCYWNrZW5kIn0="}, "model": "sessions.session", "pk": "dtidbh63u3u9lu3gd9y5we6jhoalxi05"}, {"fields": {"name": "Granny smith apples"}, "model": "website.ingredient", "pk": 1}, {"fields": {"name": "Garlic cloves"}, "model": "website.ingredient", "pk": 2}, {"fields": {"name": "American-style baby pork ribs"}, "model": "website.ingredient", "pk": 3}, {"fields": {"name": "Brown sugar"}, "model": "website.ingredient", "pk": 4}, {"fields": {"name": "Butter (Melted)"}, "model": "website.ingredient", "pk": 5}, {"fields": {"name": "Caster sugar"}, "model": "website.ingredient", "pk": 6}, {"fields": {"name": "Cinnamon quill"}, "model": "website.ingredient", "pk": 7}, {"fields": {"name": "Egg yolks (Free-range)"}, "model": "website.ingredient", "pk": 8}, {"fields": {"name": "Fuji apples"}, "model": "website.ingredient", "pk": 9}, {"fields": {"name": "Olive oil"}, "model": "website.ingredient", "pk": 10}, {"fields": {"name": "Red onions"}, "model": "website.ingredient", "pk": 11}, {"fields": {"name": "Rosemary"}, "model": "website.ingredient", "pk": 12}, {"fields": {"name": "Spiced cr\u00e8me anglais"}, "model": "website.ingredient", "pk": 13}, {"fields": {"name": "Star anise"}, "model": "website.ingredient", "pk": 14}, {"fields": {"name": "Tomato ketchup"}, "model": "website.ingredient", "pk": 15}, {"fields": {"name": "Vincotto"}, "model": "website.ingredient", "pk": 16}, {"fields": {"image_key": "http://www.sbs.com.au/food/sites/sbs.com.au.food/files/styles/full/public/chicken-65.jpg?itok=i9y3Ycmy&mtime=1418698582", "title": "Chicken 65"}, "model": "website.image", "pk": 1}, {"fields": {"name": "Easy"}, "model": "website.difficulty", "pk": 1}, {"fields": {"name": "Medium"}, "model": "website.difficulty", "pk": 2}, {"fields": {"name": "Australian"}, "model": "website.cuisine", "pk": 1}, {"fields": {"name": "Indian"}, "model": "website.cuisine", "pk": 2}, {"fields": {"name": "Entr\u00e9e"}, "model": "website.category", "pk": 1}, {"fields": {"name": "Main"}, "model": "website.category", "pk": 2}, {"fields": {"name": "Dessert"}, "model": "website.category", "pk": 3}, {"fields": {"name": "Sweet"}, "model": "website.taste", "pk": 1}, {"fields": {"name": "Savoury"}, "model": "website.taste", "pk": 2}, {"fields": {"name": "Spicy"}, "model": "website.taste", "pk": 3}, {"fields": {"name": "Regular"}, "model": "website.taste", "pk": 4}, {"fields": {"name": "Each"}, "model": "website.qtytype", "pk": 1}, {"fields": {"name": "Cup"}, "model": "website.qtytype", "pk": 2}, {"fields": {"name": "Tbsp"}, "model": "website.qtytype", "pk": 3}, {"fields": {"name": "ml"}, "model": "website.qtytype", "pk": 4}, {"fields": {"name": "Grams"}, "model": "website.qtytype", "pk": 5}, {"fields": {"name": "Qty"}, "model": "website.qtytype", "pk": 6}, {"fields": {"category": 2, "cuisine": 2, "name": "Chicken 65", "source": "SBS", "taste": 3, "cooking": 35, "serves": 4, "preparation": 20, "difficulty": 1, "featured_image": 1, "method": "<p>Combine 1 tablespoon of chilli powder, ground cumin, vinegar, garlic, ginger and chicken in a bowl. Cover with plastic wrap and refrigerate for 1 hour to marinate.</p>\r\n\r\n<p>Fill a large saucepan or deep-fryer one-third with oil and heat over medium heat to 170\u00baC (or until a cube of bread turns golden in 15 seconds). Place cornflour, plain flour and remaining 2 teaspoons of chilli powder in a bowl, season with salt and pepper and mix to combine. Place beaten eggs in a separate shallow bowl. Dip chicken in egg then dust in flour mixture, shaking off excess. Working in batches, place chicken in oil and cook, turning halfway, for 12 minutes or until golden brown. Remove with a slotted spoon and drain on paper towel.</p>\r\n\r\n<p>To make yoghurt coating, heat oil in a large frying pan over medium heat, add garlic, ginger, chillies and curry leaves and cook, stirring, for 1 minute or until softened. Add chicken to pan and stir to coat. Add yoghurt, chilli powder, cumin, coriander, \u00bd teaspoon of pepper and sugar, and cook for 6 minutes or until most of the yoghurt is absorbed. Season with salt and serve with coriander leaves, fried curry leaves, chopped green chilli and lime wedges.</p>\r\n\r\n<p> \r\nNote\r\n<ul>\r\n<li>Kashmiri chilli powder is from Indian food shops and specialty spice shops. Substitute regular chilli powder.</li>\r\n<li>Curry leaves are available from select greengrocers and Asian food shops.</li>\r\n</ul>\r\n</p>", "description": "Originating in Chennai, southern India, this spicy snack is now a mainstay on menus all over the country. There are countless theories that surround the number 65 in its name \u2013 some say that\u2019s how many days the chicken should be reared for, others argue it represents the original number of the dish on the menu, and there\u2019s even a claim it refers to the amount of chillies that should be added. The most widely accepted version is that it originated from Chennai\u2019s Buhari restaurant in 1965. Semantics (and all else) will fade to a distant memory at just one bite of this deep-fried favourite."}, "model": "website.recipe", "pk": 1}, {"fields": {"category": 1, "cuisine": 1, "name": "asdsadasd", "source": "asdasd", "taste": 1, "cooking": 1, "serves": 1, "preparation": 0, "difficulty": 1, "featured_image": 1, "method": "asdasdadsasd", "description": ""}, "model": "website.recipe", "pk": 2}, {"fields": {"volume": 6.0, "qty_type": 1, "recipe": 1, "ingredient": 1}, "model": "website.recipieingredients", "pk": 1}, {"fields": {"volume": 6.0, "qty_type": 1, "recipe": 1, "ingredient": 9}, "model": "website.recipieingredients", "pk": 2}, {"fields": {"volume": 0.25, "qty_type": 2, "recipe": 1, "ingredient": 6}, "model": "website.recipieingredients", "pk": 3}, {"fields": {"volume": 40.0, "qty_type": 5, "recipe": 1, "ingredient": 5}, "model": "website.recipieingredients", "pk": 4}, {"fields": {"volume": 1.0, "qty_type": 6, "recipe": 1, "ingredient": 13}, "model": "website.recipieingredients", "pk": 5}, {"fields": {"volume": 1.0, "qty_type": 1, "recipe": 1, "ingredient": 14}, "model": "website.recipieingredients", "pk": 6}, {"fields": {"volume": 1.0, "qty_type": 1, "recipe": 1, "ingredient": 7}, "model": "website.recipieingredients", "pk": 7}, {"fields": {"volume": 4.0, "qty_type": 1, "recipe": 1, "ingredient": 8}, "model": "website.recipieingredients", "pk": 8}, {"fields": {"volume": 0.5, "qty_type": 2, "recipe": 1, "ingredient": 6}, "model": "website.recipieingredients", "pk": 9}, {"fields": {"volume": 1.0, "qty_type": 1, "recipe": 2, "ingredient": 1}, "model": "website.recipieingredients", "pk": 10}, {"fields": {"volume": 1.0, "qty_type": 1, "recipe": 2, "ingredient": 1}, "model": "website.recipieingredients", "pk": 11}, {"fields": {"volume": 1.0, "qty_type": 1, "recipe": 2, "ingredient": 2}, "model": "website.recipieingredients", "pk": 12}, {"fields": {"codename": "add_logentry", "name": "Can add log entry", "content_type": 1}, "model": "auth.permission", "pk": 1}, {"fields": {"codename": "change_logentry", "name": "Can change log entry", "content_type": 1}, "model": "auth.permission", "pk": 2}, {"fields": {"codename": "delete_logentry", "name": "Can delete log entry", "content_type": 1}, "model": "auth.permission", "pk": 3}, {"fields": {"codename": "add_permission", "name": "Can add permission", "content_type": 2}, "model": "auth.permission", "pk": 4}, {"fields": {"codename": "change_permission", "name": "Can change permission", "content_type": 2}, "model": "auth.permission", "pk": 5}, {"fields": {"codename": "delete_permission", "name": "Can delete permission", "content_type": 2}, "model": "auth.permission", "pk": 6}, {"fields": {"codename": "add_group", "name": "Can add group", "content_type": 3}, "model": "auth.permission", "pk": 7}, {"fields": {"codename": "change_group", "name": "Can change group", "content_type": 3}, "model": "auth.permission", "pk": 8}, {"fields": {"codename": "delete_group", "name": "Can delete group", "content_type": 3}, "model": "auth.permission", "pk": 9}, {"fields": {"codename": "add_user", "name": "Can add user", "content_type": 4}, "model": "auth.permission", "pk": 10}, {"fields": {"codename": "change_user", "name": "Can change user", "content_type": 4}, "model": "auth.permission", "pk": 11}, {"fields": {"codename": "delete_user", "name": "Can delete user", "content_type": 4}, "model": "auth.permission", "pk": 12}, {"fields": {"codename": "add_contenttype", "name": "Can add content type", "content_type": 5}, "model": "auth.permission", "pk": 13}, {"fields": {"codename": "change_contenttype", "name": "Can change content type", "content_type": 5}, "model": "auth.permission", "pk": 14}, {"fields": {"codename": "delete_contenttype", "name": "Can delete content type", "content_type": 5}, "model": "auth.permission", "pk": 15}, {"fields": {"codename": "add_session", "name": "Can add session", "content_type": 6}, "model": "auth.permission", "pk": 16}, {"fields": {"codename": "change_session", "name": "Can change session", "content_type": 6}, "model": "auth.permission", "pk": 17}, {"fields": {"codename": "delete_session", "name": "Can delete session", "content_type": 6}, "model": "auth.permission", "pk": 18}, {"fields": {"codename": "add_ingredient", "name": "Can add ingredient", "content_type": 7}, "model": "auth.permission", "pk": 19}, {"fields": {"codename": "change_ingredient", "name": "Can change ingredient", "content_type": 7}, "model": "auth.permission", "pk": 20}, {"fields": {"codename": "delete_ingredient", "name": "Can delete ingredient", "content_type": 7}, "model": "auth.permission", "pk": 21}, {"fields": {"codename": "add_image", "name": "Can add image", "content_type": 8}, "model": "auth.permission", "pk": 22}, {"fields": {"codename": "change_image", "name": "Can change image", "content_type": 8}, "model": "auth.permission", "pk": 23}, {"fields": {"codename": "delete_image", "name": "Can delete image", "content_type": 8}, "model": "auth.permission", "pk": 24}, {"fields": {"codename": "add_difficulty", "name": "Can add difficulty", "content_type": 9}, "model": "auth.permission", "pk": 25}, {"fields": {"codename": "change_difficulty", "name": "Can change difficulty", "content_type": 9}, "model": "auth.permission", "pk": 26}, {"fields": {"codename": "delete_difficulty", "name": "Can delete difficulty", "content_type": 9}, "model": "auth.permission", "pk": 27}, {"fields": {"codename": "add_cuisine", "name": "Can add cuisine", "content_type": 10}, "model": "auth.permission", "pk": 28}, {"fields": {"codename": "change_cuisine", "name": "Can change cuisine", "content_type": 10}, "model": "auth.permission", "pk": 29}, {"fields": {"codename": "delete_cuisine", "name": "Can delete cuisine", "content_type": 10}, "model": "auth.permission", "pk": 30}, {"fields": {"codename": "add_category", "name": "Can add category", "content_type": 11}, "model": "auth.permission", "pk": 31}, {"fields": {"codename": "change_category", "name": "Can change category", "content_type": 11}, "model": "auth.permission", "pk": 32}, {"fields": {"codename": "delete_category", "name": "Can delete category", "content_type": 11}, "model": "auth.permission", "pk": 33}, {"fields": {"codename": "add_taste", "name": "Can add taste", "content_type": 12}, "model": "auth.permission", "pk": 34}, {"fields": {"codename": "change_taste", "name": "Can change taste", "content_type": 12}, "model": "auth.permission", "pk": 35}, {"fields": {"codename": "delete_taste", "name": "Can delete taste", "content_type": 12}, "model": "auth.permission", "pk": 36}, {"fields": {"codename": "add_qtytype", "name": "Can add qty type", "content_type": 13}, "model": "auth.permission", "pk": 37}, {"fields": {"codename": "change_qtytype", "name": "Can change qty type", "content_type": 13}, "model": "auth.permission", "pk": 38}, {"fields": {"codename": "delete_qtytype", "name": "Can delete qty type", "content_type": 13}, "model": "auth.permission", "pk": 39}, {"fields": {"codename": "add_recipe", "name": "Can add recipe", "content_type": 14}, "model": "auth.permission", "pk": 40}, {"fields": {"codename": "change_recipe", "name": "Can change recipe", "content_type": 14}, "model": "auth.permission", "pk": 41}, {"fields": {"codename": "delete_recipe", "name": "Can delete recipe", "content_type": 14}, "model": "auth.permission", "pk": 42}, {"fields": {"codename": "add_recipieingredients", "name": "Can add recipie ingredients", "content_type": 16}, "model": "auth.permission", "pk": 46}, {"fields": {"codename": "change_recipieingredients", "name": "Can change recipie ingredients", "content_type": 16}, "model": "auth.permission", "pk": 47}, {"fields": {"codename": "delete_recipieingredients", "name": "Can delete recipie ingredients", "content_type": 16}, "model": "auth.permission", "pk": 48}, {"fields": {"username": "admin", "first_name": "", "last_name": "", "is_active": true, "is_superuser": true, "is_staff": true, "last_login": "2015-09-05T04:18:34.083Z", "groups": [], "user_permissions": [], "password": "pbkdf2_sha256$20000$dnCOzcwcXq3t$qkF6lF8JsZl+Cu+kEFsTXT5rTu7eQNj8rNVmXN1Pw4w=", "email": "admin@admin.notreal", "date_joined": "2015-09-05T04:18:09.679Z"}, "model": "auth.user", "pk": 1}, {"fields": {"action_flag": 1, "action_time": "2015-09-05T04:18:45.855Z", "object_repr": "Test", "object_id": "1", "change_message": "", "user": 1, "content_type": 11}, "model": "admin.logentry", "pk": 1}, {"fields": {"action_flag": 1, "action_time": "2015-09-05T04:18:51.700Z", "object_repr": "Test2", "object_id": "2", "change_message": "", "user": 1, "content_type": 11}, "model": "admin.logentry", "pk": 2}, {"fields": {"action_flag": 1, "action_time": "2015-09-05T04:19:01.210Z", "object_repr": "Australian", "object_id": "1", "change_message": "", "user": 1, "content_type": 10}, "model": "admin.logentry", "pk": 3}, {"fields": {"action_flag": 1, "action_time": "2015-09-05T04:19:05.472Z", "object_repr": "Indian", "object_id": "2", "change_message": "", "user": 1, "content_type": 10}, "model": "admin.logentry", "pk": 4}, {"fields": {"action_flag": 1, "action_time": "2015-09-05T04:19:11.793Z", "object_repr": "Easy", "object_id": "1", "change_message": "", "user": 1, "content_type": 9}, "model": "admin.logentry", "pk": 5}, {"fields": {"action_flag": 1, "action_time": "2015-09-05T04:19:16.531Z", "object_repr": "Medium", "object_id": "2", "change_message": "", "user": 1, "content_type": 9}, "model": "admin.logentry", "pk": 6}, {"fields": {"action_flag": 1, "action_time": "2015-09-05T04:20:24.239Z", "object_repr": "Granny smith apples", "object_id": "1", "change_message": "", "user": 1, "content_type": 7}, "model": "admin.logentry", "pk": 7}, {"fields": {"action_flag": 1, "action_time": "2015-09-05T04:20:28.562Z", "object_repr": "Garlic cloves", "object_id": "2", "change_message": "", "user": 1, "content_type": 7}, "model": "admin.logentry", "pk": 8}, {"fields": {"action_flag": 1, "action_time": "2015-09-05T04:20:31.908Z", "object_repr": "American-style baby pork ribs", "object_id": "3", "change_message": "", "user": 1, "content_type": 7}, "model": "admin.logentry", "pk": 9}, {"fields": {"action_flag": 1, "action_time": "2015-09-05T04:20:35.599Z", "object_repr": "Brown sugar", "object_id": "4", "change_message": "", "user": 1, "content_type": 7}, "model": "admin.logentry", "pk": 10}, {"fields": {"action_flag": 1, "action_time": "2015-09-05T04:20:39.018Z", "object_repr": "Butter (Melted)", "object_id": "5", "change_message": "", "user": 1, "content_type": 7}, "model": "admin.logentry", "pk": 11}, {"fields": {"action_flag": 1, "action_time": "2015-09-05T04:20:41.970Z", "object_repr": "Caster sugar", "object_id": "6", "change_message": "", "user": 1, "content_type": 7}, "model": "admin.logentry", "pk": 12}, {"fields": {"action_flag": 1, "action_time": "2015-09-05T04:20:49.094Z", "object_repr": "Cinnamon quill", "object_id": "7", "change_message": "", "user": 1, "content_type": 7}, "model": "admin.logentry", "pk": 13}, {"fields": {"action_flag": 1, "action_time": "2015-09-05T04:20:55.953Z", "object_repr": "Egg yolks (Free-range)", "object_id": "8", "change_message": "", "user": 1, "content_type": 7}, "model": "admin.logentry", "pk": 14}, {"fields": {"action_flag": 1, "action_time": "2015-09-05T04:21:01.008Z", "object_repr": "Fuji apples", "object_id": "9", "change_message": "", "user": 1, "content_type": 7}, "model": "admin.logentry", "pk": 15}, {"fields": {"action_flag": 1, "action_time": "2015-09-05T04:21:13.533Z", "object_repr": "Olive oil", "object_id": "10", "change_message": "", "user": 1, "content_type": 7}, "model": "admin.logentry", "pk": 16}, {"fields": {"action_flag": 1, "action_time": "2015-09-05T04:21:24.610Z", "object_repr": "Red onions", "object_id": "11", "change_message": "", "user": 1, "content_type": 7}, "model": "admin.logentry", "pk": 17}, {"fields": {"action_flag": 1, "action_time": "2015-09-05T04:21:28.816Z", "object_repr": "Rosemary", "object_id": "12", "change_message": "", "user": 1, "content_type": 7}, "model": "admin.logentry", "pk": 18}, {"fields": {"action_flag": 1, "action_time": "2015-09-05T04:21:37.914Z", "object_repr": "Spiced cr\u00e8me anglais", "object_id": "13", "change_message": "", "user": 1, "content_type": 7}, "model": "admin.logentry", "pk": 19}, {"fields": {"action_flag": 1, "action_time": "2015-09-05T04:21:40.760Z", "object_repr": "Star anise", "object_id": "14", "change_message": "", "user": 1, "content_type": 7}, "model": "admin.logentry", "pk": 20}, {"fields": {"action_flag": 1, "action_time": "2015-09-05T04:21:45.584Z", "object_repr": "Tomato ketchup", "object_id": "15", "change_message": "", "user": 1, "content_type": 7}, "model": "admin.logentry", "pk": 21}, {"fields": {"action_flag": 1, "action_time": "2015-09-05T04:21:50.488Z", "object_repr": "Vincotto", "object_id": "16", "change_message": "", "user": 1, "content_type": 7}, "model": "admin.logentry", "pk": 22}, {"fields": {"action_flag": 1, "action_time": "2015-09-05T04:23:07.761Z", "object_repr": "Each", "object_id": "1", "change_message": "", "user": 1, "content_type": 13}, "model": "admin.logentry", "pk": 23}, {"fields": {"action_flag": 1, "action_time": "2015-09-05T04:23:10.578Z", "object_repr": "Cup", "object_id": "2", "change_message": "", "user": 1, "content_type": 13}, "model": "admin.logentry", "pk": 24}, {"fields": {"action_flag": 1, "action_time": "2015-09-05T04:23:15.314Z", "object_repr": "Tbsp", "object_id": "3", "change_message": "", "user": 1, "content_type": 13}, "model": "admin.logentry", "pk": 25}, {"fields": {"action_flag": 1, "action_time": "2015-09-05T04:23:27.045Z", "object_repr": "ml", "object_id": "4", "change_message": "", "user": 1, "content_type": 13}, "model": "admin.logentry", "pk": 26}, {"fields": {"action_flag": 1, "action_time": "2015-09-05T04:23:41.699Z", "object_repr": "Sweet", "object_id": "1", "change_message": "", "user": 1, "content_type": 12}, "model": "admin.logentry", "pk": 27}, {"fields": {"action_flag": 1, "action_time": "2015-09-05T04:23:46.579Z", "object_repr": "Savoury", "object_id": "2", "change_message": "", "user": 1, "content_type": 12}, "model": "admin.logentry", "pk": 28}, {"fields": {"action_flag": 1, "action_time": "2015-09-05T04:23:50.851Z", "object_repr": "Spicy", "object_id": "3", "change_message": "", "user": 1, "content_type": 12}, "model": "admin.logentry", "pk": 29}, {"fields": {"action_flag": 1, "action_time": "2015-09-05T04:23:55.987Z", "object_repr": "Regular", "object_id": "4", "change_message": "", "user": 1, "content_type": 12}, "model": "admin.logentry", "pk": 30}, {"fields": {"action_flag": 2, "action_time": "2015-09-05T04:25:17.058Z", "object_repr": "Dessert", "object_id": "1", "change_message": "Changed name.", "user": 1, "content_type": 11}, "model": "admin.logentry", "pk": 31}, {"fields": {"action_flag": 1, "action_time": "2015-09-05T04:29:11.471Z", "object_repr": "Test", "object_id": "1", "change_message": "", "user": 1, "content_type": 8}, "model": "admin.logentry", "pk": 32}, {"fields": {"action_flag": 1, "action_time": "2015-09-05T04:29:17.660Z", "object_repr": "20 hour apple cake with spiced creme anglaise", "object_id": "1", "change_message": "", "user": 1, "content_type": 14}, "model": "admin.logentry", "pk": 33}, {"fields": {"action_flag": 1, "action_time": "2015-09-05T04:54:28.159Z", "object_repr": "Grams", "object_id": "5", "change_message": "", "user": 1, "content_type": 13}, "model": "admin.logentry", "pk": 34}, {"fields": {"action_flag": 1, "action_time": "2015-09-05T04:56:25.725Z", "object_repr": "Qty", "object_id": "6", "change_message": "", "user": 1, "content_type": 13}, "model": "admin.logentry", "pk": 35}, {"fields": {"action_flag": 2, "action_time": "2015-09-05T05:00:25.461Z", "object_repr": "20 hour apple cake with spiced creme anglaise", "object_id": "1", "change_message": "Added recipie ingredients \"20 hour apple cake with spiced creme anglaise_Granny smith apples\". Added recipie ingredients \"20 hour apple cake with spiced creme anglaise_Fuji apples\". Added recipie ingredients \"20 hour apple cake with spiced creme anglaise_Caster sugar\". Added recipie ingredients \"20 hour apple cake with spiced creme anglaise_Butter (Melted)\". Added recipie ingredients \"20 hour apple cake with spiced creme anglaise_Spiced cr\u00e8me anglais\". Added recipie ingredients \"20 hour apple cake with spiced creme anglaise_Star anise\". Added recipie ingredients \"20 hour apple cake with spiced creme anglaise_Cinnamon quill\". Added recipie ingredients \"20 hour apple cake with spiced creme anglaise_Egg yolks (Free-range)\". Added recipie ingredients \"20 hour apple cake with spiced creme anglaise_Caster sugar\".", "user": 1, "content_type": 14}, "model": "admin.logentry", "pk": 36}, {"fields": {"action_flag": 1, "action_time": "2015-09-05T06:42:56.403Z", "object_repr": "asdsadasd", "object_id": "2", "change_message": "", "user": 1, "content_type": 14}, "model": "admin.logentry", "pk": 37}, {"fields": {"action_flag": 2, "action_time": "2015-09-05T08:19:23.846Z", "object_repr": "20 hour apple cake with spiced creme anglaise", "object_id": "1", "change_message": "Changed method.", "user": 1, "content_type": 14}, "model": "admin.logentry", "pk": 38}, {"fields": {"action_flag": 2, "action_time": "2015-09-05T08:33:51.722Z", "object_repr": "Test", "object_id": "1", "change_message": "Changed image_key.", "user": 1, "content_type": 8}, "model": "admin.logentry", "pk": 39}, {"fields": {"action_flag": 2, "action_time": "2015-09-05T08:35:49.527Z", "object_repr": "20 hour apple cake with spiced creme anglaise", "object_id": "1", "change_message": "No fields changed.", "user": 1, "content_type": 14}, "model": "admin.logentry", "pk": 40}, {"fields": {"action_flag": 2, "action_time": "2015-09-05T08:36:31.077Z", "object_repr": "Cake", "object_id": "1", "change_message": "Changed image_key and title.", "user": 1, "content_type": 8}, "model": "admin.logentry", "pk": 41}, {"fields": {"action_flag": 2, "action_time": "2015-09-05T08:36:35.020Z", "object_repr": "20 hour apple cake with spiced creme anglaise", "object_id": "1", "change_message": "No fields changed.", "user": 1, "content_type": 14}, "model": "admin.logentry", "pk": 42}, {"fields": {"action_flag": 2, "action_time": "2015-09-05T13:11:13.214Z", "object_repr": "Entr\u00e9e", "object_id": "1", "change_message": "Changed name.", "user": 1, "content_type": 11}, "model": "admin.logentry", "pk": 43}, {"fields": {"action_flag": 2, "action_time": "2015-09-05T13:11:22.025Z", "object_repr": "Main", "object_id": "2", "change_message": "Changed name.", "user": 1, "content_type": 11}, "model": "admin.logentry", "pk": 44}, {"fields": {"action_flag": 1, "action_time": "2015-09-05T13:11:27.501Z", "object_repr": "Dessert", "object_id": "3", "change_message": "", "user": 1, "content_type": 11}, "model": "admin.logentry", "pk": 45}, {"fields": {"action_flag": 2, "action_time": "2015-09-05T13:11:43.763Z", "object_repr": "Chicken 65", "object_id": "1", "change_message": "Changed image_key and title.", "user": 1, "content_type": 8}, "model": "admin.logentry", "pk": 46}, {"fields": {"action_flag": 2, "action_time": "2015-09-05T13:14:08.083Z", "object_repr": "Chicken 65", "object_id": "1", "change_message": "Changed name, cuisine, category, method and taste.", "user": 1, "content_type": 14}, "model": "admin.logentry", "pk": 47}, {"fields": {"action_flag": 2, "action_time": "2015-09-05T13:38:27.790Z", "object_repr": "Chicken 65", "object_id": "1", "change_message": "Changed description, difficulty, preparation and cooking.", "user": 1, "content_type": 14}, "model": "admin.logentry", "pk": 48}, {"fields": {"action_flag": 2, "action_time": "2015-09-05T13:39:32.409Z", "object_repr": "Chicken 65", "object_id": "1", "change_message": "Changed serves.", "user": 1, "content_type": 14}, "model": "admin.logentry", "pk": 49}]